"Id","Position","First Name","Nickname","Last Name","FPPG","Played","Salary","Game","Team","Opponent","Injury Indicator","Injury Details","Tier","",""
"32020-9644","SG","James","James Harden","Harden","57.625","40","14000","BKN@HOU","HOU","BKN","","","","",""
"32020-15755","PF","Anthony","Anthony Davis","Davis","62.97435897435897","39","13700","NO@GS","NO","GS","","","","",""
"32020-40199","SF","Giannis","Giannis Antetokounmpo","Antetokounmpo","55.03499755859375","40","11500","MIL@MEM","MIL","MEM","","","","",""
"32020-9646","SF","Kevin","Kevin Durant","Durant","48.33636474609375","44","10400","NO@GS","GS","NO","","","","",""
"32020-20848","PG","Damian","Damian Lillard","Lillard","42.242222764756946","45","10100","CLE@POR","POR","CLE","","","","",""
"32020-9524","PG","Stephen","Stephen Curry","Curry","45.80000073982008","33","10000","NO@GS","GS","NO","","","","",""
"32020-40203","C","Rudy","Rudy Gobert","Gobert","40.54222276475694","45","9900","UTA@LAC","UTA","LAC","","","","",""
"32020-14513","SF","Kawhi","Kawhi Leonard","Leonard","47.105712890625","35","9800","TOR@BOS","TOR","BOS","","","","",""
"32020-9560","PF","Blake","Blake Griffin","Griffin","43.09750061035156","40","9700","ORL@DET","DET","ORL","","","","",""
"32020-15557","C","Andre","Andre Drummond","Drummond","44.00714401971726","42","9500","ORL@DET","DET","ORL","","","","",""
"32020-14514","C","Nikola","Nikola Vucevic","Vucevic","44.32142857142857","42","9200","ORL@DET","ORL","DET","","","","",""
"32020-66113","SG","Donovan","Donovan Mitchell","Mitchell","34.48048661394817","41","9000","UTA@LAC","UTA","LAC","","","","",""
"32020-55059","C","Clint","Clint Capela","Capela","40.63333275204613","42","9000","BKN@HOU","HOU","BKN","O","Thumb","","",""
"32020-14498","PG","Kyrie","Kyrie Irving","Irving","41.80000064247533","38","8900","TOR@BOS","BOS","TOR","","","","",""
"32020-9688","PF","LaMarcus","LaMarcus Aldridge","Aldridge","38.068888346354164","45","8900","SA@DAL","SA","DAL","","","","",""
"32020-55057","C","Jusuf","Jusuf Nurkic","Nurkic","37.13111165364583","45","8800","CLE@POR","POR","CLE","","","","",""
"32020-84669","SG","Luka","Luka Doncic","Doncic","36.671427408854164","42","8700","SA@DAL","DAL","SA","","","","",""
"32020-9663","SG","Jrue","Jrue Holiday","Holiday","42.67272671786222","44","8600","NO@GS","NO","GS","","","","",""
"32020-9714","SG","DeMar","DeMar DeRozan","DeRozan","40.82000054253472","45","8500","SA@DAL","SA","DAL","","","","",""
"32020-9575","PG","Mike","Mike Conley","Conley","36.75952439081101","42","8300","MIL@MEM","MEM","MIL","","","","",""
"32020-9623","PG","Chris","Chris Paul","Paul","36.61538461538461","26","8300","BKN@HOU","HOU","BKN","O","Hamstring","","",""
"32020-23776","PF","Montrezl","Montrezl Harrell","Harrell","32.576745321584305","43","7900","UTA@LAC","LAC","UTA","","","","",""
"32020-58312","SG","D'Angelo","D'Angelo Russell","Russell","33.99772782759233","44","7900","BKN@HOU","BKN","HOU","","","","",""
"32020-42669","C","Julius","Julius Randle","Randle","36.44418547874273","43","7800","NO@GS","NO","GS","","","","",""
"32020-12355","PG","Eric","Eric Bledsoe","Bledsoe","32.58604537609012","43","7700","MIL@MEM","MIL","MEM","","","","",""
"32020-14518","PF","Tobias","Tobias Harris","Harris","35.325581395348834","43","7600","UTA@LAC","LAC","UTA","","","","",""
"32020-41594","PF","Aaron","Aaron Gordon","Gordon","32.514633550876525","41","7500","ORL@DET","ORL","DET","","","","",""
"32020-58658","SG","Patrick","Patrick McCaw","McCaw","4.866666793823242","3","7500","TOR@BOS","TOR","BOS","","","","",""
"32020-14509","SG","Klay","Klay Thompson","Thompson","33.97727272727273","44","7400","NO@GS","GS","NO","","","","",""
"32020-9581","C","Marc","Marc Gasol","Gasol","38.11395405614099","43","7400","MIL@MEM","MEM","MIL","GTD","Elbow","","",""
"32020-9637","SF","Danilo","Danilo Gallinari","Gallinari","32.44047619047619","42","7400","UTA@LAC","LAC","UTA","","","","",""
"32020-9535","PG","Kyle","Kyle Lowry","Lowry","36.755880916819855","34","7200","TOR@BOS","TOR","BOS","","","","",""
"32020-9561","C","DeAndre","DeAndre Jordan","Jordan","33.63255700399709","43","7200","SA@DAL","DAL","SA","","","","",""
"32020-16261","SG","Khris","Khris Middleton","Middleton","32.34390184355945","41","7100","MIL@MEM","MIL","MEM","","","","",""
"32020-15860","PF","Draymond","Draymond Green","Green","31.673333740234376","30","7000","NO@GS","GS","NO","","","","",""
"32020-84683","PF","Jaren","Jaren Jackson Jr.","Jackson Jr.","26.748836073764537","43","6600","MIL@MEM","MEM","MIL","","","","",""
"32020-80808","PF","Jayson","Jayson Tatum","Tatum","30.623256949491278","43","6600","TOR@BOS","BOS","TOR","","","","",""
"32020-59318","SF","Joe","Joe Ingles","Ingles","26.67999945746528","45","6600","UTA@LAC","UTA","LAC","GTD","Ankle","","",""
"32020-60021","PF","Pascal","Pascal Siakam","Siakam","30.984092018821023","44","6500","TOR@BOS","TOR","BOS","","","","",""
"32020-19067","SG","CJ","CJ McCollum","McCollum","30.96590909090909","44","6500","CLE@POR","POR","CLE","","","","",""
"32020-80821","C","Jarrett","Jarrett Allen","Allen","28.867442996002907","43","6500","BKN@HOU","BKN","HOU","","","","",""
"32020-9662","SG","Lou","Lou Williams","Williams","28.828206380208332","39","6500","UTA@LAC","LAC","UTA","","","","",""
"32020-14496","PG","Ricky","Ricky Rubio","Rubio","27.88500061035156","40","6400","UTA@LAC","UTA","LAC","O","Hamstring","","",""
"32020-14501","C","Tristan","Tristan Thompson","Thompson","30.799998563878678","34","6400","CLE@POR","CLE","POR","","","","",""
"32020-9957","PF","Serge","Serge Ibaka","Ibaka","30.66829327839177","41","6400","TOR@BOS","TOR","BOS","","","","",""
"32020-9453","C","Al","Al Horford","Horford","29.69705918255974","34","6400","TOR@BOS","BOS","TOR","","","","",""
"32020-12351","PF","Derrick","Derrick Favors","Favors","26.23636419122869","44","6200","UTA@LAC","UTA","LAC","","","","",""
"32020-16359","SG","Malcolm","Malcolm Brogdon","Brogdon","27.289999389648436","40","6200","MIL@MEM","MIL","MEM","","","","",""
"32020-49675","PG","Derrick","Derrick White","White","20.530554877387154","36","6100","SA@DAL","SA","DAL","","","","",""
"32020-12342","PF","Al-Farouq","Al-Farouq Aminu","Aminu","24.1977783203125","45","5900","CLE@POR","POR","CLE","","","","",""
"32020-15946","SF","Harrison","Harrison Barnes","Barnes","26.58718011318109","39","5900","SA@DAL","DAL","SA","","","","",""
"32020-9556","SG","Eric","Eric Gordon","Gordon","23.128124237060547","32","5900","BKN@HOU","HOU","BKN","GTD","Knee","","",""
"32020-20640","SG","Jordan","Jordan Clarkson","Clarkson","25.46511627906977","43","5800","CLE@POR","CLE","POR","","","","",""
"32020-14522","SF","Nikola","Nikola Mirotic","Mirotic","31.235713413783483","28","5800","NO@GS","NO","GS","","","","",""
"32020-23716","SF","Kyle","Kyle Anderson","Anderson","24.60487775104802","41","5700","MIL@MEM","MEM","MIL","O","Ankle","","",""
"32020-23096","SG","Evan","Evan Fournier","Fournier","24.61666724795387","42","5600","ORL@DET","ORL","DET","","","","",""
"32020-19138","PG","Elfrid","Elfrid Payton","Payton","25.138460599459133","13","5600","NO@GS","NO","GS","","","","",""
"32020-14510","SG","Alec","Alec Burks","Burks","20.226828970560213","41","5500","CLE@POR","CLE","POR","","","","",""
"32020-9577","SF","Rudy","Rudy Gay","Gay","28","35","5500","SA@DAL","SA","DAL","","","","",""
"32020-15542","PG","Spencer","Spencer Dinwiddie","Dinwiddie","27.38222113715278","45","5400","BKN@HOU","BKN","HOU","","","","",""
"32020-9621","C","Brook","Brook Lopez","Lopez","24.655812817950583","43","5400","MIL@MEM","MIL","MEM","","","","",""
"32020-16405","SG","Terrence","Terrence Ross","Ross","22.33023284202398","43","5300","ORL@DET","ORL","DET","","","","",""
"32020-14523","PG","Reggie","Reggie Jackson","Jackson","24.797619047619047","42","5300","ORL@DET","DET","ORL","","","","",""
"32020-80814","PG","Dennis","Dennis Smith Jr.","Smith Jr.","23.557141985212052","28","5300","SA@DAL","DAL","SA","GTD","Illness","","",""
"32020-42148","PF","Rondae","Rondae Hollis-Jefferson","Hollis-Jefferson","22.520588594324447","34","5200","BKN@HOU","BKN","HOU","GTD","Groin","","",""
"32020-12366","SF","Gordon","Gordon Hayward","Hayward","23.97948749248798","39","5100","TOR@BOS","BOS","TOR","","","","",""
"32020-20992","PF","Larry","Larry Nance Jr.","Nance Jr.","27.753846779847755","39","5000","CLE@POR","CLE","POR","O","Knee","","",""
"32020-14503","C","Jonas","Jonas Valanciunas","Valanciunas","25.190000406901042","30","5000","TOR@BOS","TOR","BOS","O","Thumb","","",""
"32020-24247","PG","Fred","Fred VanVleet","VanVleet","22.57179455879407","39","5000","TOR@BOS","TOR","BOS","","","","",""
"32020-15560","PG","Shabazz","Shabazz Napier","Napier","16.00909053918087","33","5000","BKN@HOU","BKN","HOU","GTD","Hamstring","","",""
"32020-15592","SG","Austin","Austin Rivers","Rivers","17.039999389648436","40","5000","BKN@HOU","HOU","BKN","","","","",""
"32020-9758","SG","Danny","Danny Green","Green","20.881395916606106","43","4900","TOR@BOS","TOR","BOS","","","","",""
"32020-15947","SG","Reggie","Reggie Bullock","Bullock","19.673530129825366","34","4900","ORL@DET","DET","ORL","","","","",""
"32020-63126","SF","Cedi","Cedi Osman","Osman","21.776189894903276","42","4900","CLE@POR","CLE","POR","","","","",""
"32020-14512","PF","Marcus","Marcus Morris","Morris","25.84102532802484","39","4900","TOR@BOS","BOS","TOR","","","","",""
"32020-84667","PG","Collin","Collin Sexton","Sexton","21.902273004705254","44","4900","CLE@POR","CLE","POR","","","","",""
"32020-23407","PF","PJ","PJ Tucker","Tucker","21.32092994867369","43","4900","BKN@HOU","HOU","BKN","","","","",""
"32020-9787","SF","DeMarre","DeMarre Carroll","Carroll","18.624241684422348","33","4800","BKN@HOU","BKN","HOU","","","","",""
"32020-12362","C","DeMarcus","DeMarcus Cousins","Cousins","53.335418701171875","48","4800","NO@GS","GS","NO","O","Achilles","","",""
"32020-58576","C","Kevon","Kevon Looney","Looney","19.293182373046875","44","4800","NO@GS","GS","NO","","","","",""
"32020-40208","PG","Raul","Raul Neto","Neto","10.094737002724095","19","4800","UTA@LAC","UTA","LAC","O","Groin","","",""
"32020-16363","SF","Joe","Joe Harris","Harris","22.009756693025913","41","4800","BKN@HOU","BKN","HOU","","","","",""
"32020-15405","PF","JaMychal","JaMychal Green","Green","22.945160896547378","31","4700","MIL@MEM","MEM","MIL","","","","",""
"32020-23670","SG","Marcus","Marcus Smart","Smart","22.026189894903276","42","4700","TOR@BOS","BOS","TOR","GTD","Illness","","",""
"32020-9849","SF","Gerald","Gerald Green","Green","14.038461538461538","39","4700","BKN@HOU","HOU","BKN","","","","",""
"32020-23294","SF","Danuel","Danuel House","House","16.83199951171875","25","4700","BKN@HOU","HOU","BKN","","","","",""
"32020-81621","PF","Maxi","Maxi Kleber","Kleber","16.597368742290296","38","4600","SA@DAL","DAL","SA","","","","",""
"32020-9466","PG","D.J.","D.J. Augustin","Augustin","21.214285714285715","42","4600","ORL@DET","ORL","DET","","","","",""
"32020-18338","SF","Royce","Royce O'Neale","O'Neale","11.4022216796875","45","4600","UTA@LAC","UTA","LAC","","","","",""
"32020-9799","SG","Wesley","Wesley Matthews","Matthews","21.497297957136823","37","4500","SA@DAL","DAL","SA","","","","",""
"32020-12359","SF","Evan","Evan Turner","Turner","20.397727272727273","44","4500","CLE@POR","POR","CLE","","","","",""
"32020-42677","PG","Terry","Terry Rozier","Rozier","20.1953494049782","43","4500","TOR@BOS","BOS","TOR","","","","",""
"32020-12474","PG","Patrick","Patrick Beverley","Beverley","18.432557571765987","43","4500","UTA@LAC","LAC","UTA","","","","",""
"32020-14543","SF","Davis","Davis Bertans","Bertans","15.5926826290968","41","4500","SA@DAL","SA","DAL","","","","",""
"32020-84700","PF","Rodions","Rodions Kurucs","Kurucs","16.20357186453683","28","4500","BKN@HOU","BKN","HOU","","","","",""
"32020-80811","SF","Jonathan","Jonathan Isaac","Isaac","19.278378048458613","37","4500","ORL@DET","ORL","DET","","","","",""
"32020-14533","PG","Shelvin","Shelvin Mack","Mack","16.865853658536587","41","4400","MIL@MEM","MEM","MIL","","","","",""
"32020-15800","SF","Jae","Jae Crowder","Crowder","22.26363580877131","44","4400","UTA@LAC","UTA","LAC","","","","",""
"32020-67026","SG","Jaylen","Jaylen Brown","Brown","22.194737484580592","38","4400","TOR@BOS","BOS","TOR","","","","",""
"32020-14554","SF","E'Twaun","E'Twaun Moore","Moore","20.633333646334133","39","4300","NO@GS","NO","GS","","","","",""
"32020-23788","PG","Bryn","Bryn Forbes","Forbes","19.93777804904514","45","4300","SA@DAL","SA","DAL","","","","",""
"32020-9495","PG","J.J.","J.J. Barea","Barea","22.17105263157895","38","4300","SA@DAL","DAL","SA","O","Achilles","","",""
"32020-9647","SF","Thabo","Thabo Sefolosha","Sefolosha","9.176923311673677","26","4300","UTA@LAC","UTA","LAC","O","Hamstring","","",""
"32020-9664","SG","Andre","Andre Iguodala","Iguodala","18.443589430588943","39","4300","NO@GS","GS","NO","","","","",""
"32020-15501","SG","Allen","Allen Crabbe","Crabbe","16.764285496303014","28","4200","BKN@HOU","BKN","HOU","O","Knee","","",""
"32020-15904","SF","Rodney","Rodney Hood","Hood","20.805555555555557","36","4100","CLE@POR","CLE","POR","","","","",""
"32020-12365","PF","Ed","Ed Davis","Davis","19.11136419122869","44","4100","BKN@HOU","BKN","HOU","","","","",""
"32020-12511","PG","Ish","Ish Smith","Smith","17.113043743631113","23","4100","ORL@DET","DET","ORL","","","","",""
"32020-16178","SF","Maurice","Maurice Harkless","Harkless","16.88076899601863","26","4100","CLE@POR","POR","CLE","GTD","Knee","","",""
"32020-11074","SG","Garrett","Garrett Temple","Temple","19.04883664153343","43","4100","MIL@MEM","MEM","MIL","","","","",""
"32020-9870","SG","Kyle","Kyle Korver","Korver","12.928205441205929","39","4000","UTA@LAC","UTA","LAC","","","","",""
"32020-15669","PF","Meyers","Meyers Leonard","Leonard","13.328571137927828","42","4000","CLE@POR","POR","CLE","","","","",""
"32020-9715","SG","Marco","Marco Belinelli","Belinelli","16.958139818768167","43","4000","SA@DAL","SA","DAL","GTD","Knee","","",""
"32020-16376","SF","Dorian","Dorian Finney-Smith","Finney-Smith","17.302325581395348","43","4000","SA@DAL","DAL","SA","","","","",""
"32020-81529","PF","Daniel","Daniel Theis","Theis","15.818181818181818","33","3900","TOR@BOS","BOS","TOR","","","","",""
"32020-41082","C","Damian","Damian Jones","Jones","14.875","24","3900","NO@GS","GS","NO","O","Pectoral","","",""
"32020-70824","C","Ante","Ante Zizic","Zizic","10.37857164655413","28","3900","CLE@POR","CLE","POR","","","","",""
"32020-84675","C","Mohamed","Mohamed Bamba","Bamba","17.8025637895633","39","3900","ORL@DET","ORL","DET","GTD","Foot","","",""
"32020-15582","PG","Quinn","Quinn Cook","Cook","13.82368388928865","38","3900","NO@GS","GS","NO","","","","",""
"32020-9483","C","Joakim","Joakim Noah","Noah","11.344444274902344","18","3900","MIL@MEM","MEM","MIL","","","","",""
"32020-16196","PF","Dwight","Dwight Powell","Powell","17.653846153846153","39","3900","SA@DAL","DAL","SA","","","","",""
"32020-70820","C","Thon","Thon Maker","Maker","11.360605875651041","33","3800","MIL@MEM","MIL","MEM","","","","",""
"32020-14521","PF","Kenneth","Kenneth Faried","Faried","10.733333587646484","12","3800","BKN@HOU","BKN","HOU","","","","",""
"32020-84680","PG","Shai","Shai Gilgeous-Alexander","Gilgeous-Alexander","20.397673850835755","43","3800","UTA@LAC","LAC","UTA","","","","",""
"32020-16081","PF","Khem","Khem Birch","Birch","8.389473362972861","19","3800","ORL@DET","ORL","DET","","","","",""
"32020-9939","PG","Patty","Patty Mills","Mills","17.806666395399304","45","3800","SA@DAL","SA","DAL","","","","",""
"32020-84694","SG","Bruce","Bruce Brown","Brown","12.925714111328125","35","3800","ORL@DET","DET","ORL","","","","",""
"32020-9512","C","","Nene","Nene","10.549999660915798","18","3800","BKN@HOU","HOU","BKN","","","","",""
"32020-60233","SG","Dillon","Dillon Brooks","Brooks","12.177777608235678","18","3800","MIL@MEM","MEM","MIL","O","Toe","","",""
"32020-15762","SF","Darius","Darius Miller","Miller","13.543590056590546","39","3800","NO@GS","NO","GS","","","","",""
"32020-80815","PF","Zach","Zach Collins","Collins","16.295555284288195","45","3800","CLE@POR","POR","CLE","","","","",""
"32020-68090","SF","OG","OG Anunoby","Anunoby","14.323076297075321","39","3800","TOR@BOS","TOR","BOS","O","Personal","","",""
"32020-12337","C","Greg","Greg Monroe","Monroe","11.610714503696986","28","3700","TOR@BOS","TOR","BOS","","","","",""
"32020-12339","C","Ekpe","Ekpe Udoh","Udoh","5.59629652235243","27","3700","UTA@LAC","UTA","LAC","","","","",""
"32020-84690","PG","Jalen","Jalen Brunson","Brunson","12.375","36","3700","SA@DAL","DAL","SA","","","","",""
"32020-23780","SF","Jake","Jake Layman","Layman","11.232352761661305","34","3700","CLE@POR","POR","CLE","","","","",""
"32020-84708","C","Robert","Robert Williams III","Williams III","10.80952380952381","21","3700","TOR@BOS","BOS","TOR","","","","",""
"32020-9960","SF","Omri","Omri Casspi","Casspi","11.41290283203125","31","3700","MIL@MEM","MEM","MIL","","","","",""
"32020-9962","PF","Jonas","Jonas Jerebko","Jerebko","16.800000277432527","44","3700","NO@GS","GS","NO","","","","",""
"32020-40262","SG","Sterling","Sterling Brown","Brown","11.575757575757576","33","3700","MIL@MEM","MIL","MEM","","","","",""
"32020-9598","PF","Ersan","Ersan Ilyasova","Ilyasova","17.183871361517138","31","3700","MIL@MEM","MIL","MEM","","","","",""
"32020-40830","SG","Delon","Delon Wright","Wright","16.025","40","3700","TOR@BOS","TOR","BOS","","","","",""
"32020-18821","SF","Jonathon","Jonathon Simmons","Simmons","14.157142857142857","35","3700","ORL@DET","ORL","DET","","","","",""
"32020-16790","PG","Brad","Brad Wanamaker","Wanamaker","7.531579268606086","19","3700","TOR@BOS","BOS","TOR","","","","",""
"32020-48567","PG","Cameron","Cameron Payne","Payne","13.571428571428571","35","3700","CLE@POR","CLE","POR","","","","",""
"32020-9703","PG","George","George Hill","Hill","16.225806451612904","31","3700","MIL@MEM","MIL","MEM","","","","",""
"32020-58378","C","Jakob","Jakob Poeltl","Poeltl","15.212195419683688","41","3600","SA@DAL","SA","DAL","","","","",""
"32020-9796","PF","Luc","Luc Mbah a Moute","Mbah a Moute","8.850000381469727","4","3600","UTA@LAC","LAC","UTA","GTD","Knee","","",""
"32020-20064","PG","Matthew","Matthew Dellavedova","Dellavedova","10.948148374204282","27","3600","CLE@POR","CLE","POR","","","","",""
"32020-24186","SG","Tyrone","Tyrone Wallace","Wallace","8.521212491122158","33","3600","UTA@LAC","LAC","UTA","","","","",""
"32020-66185","PF","Caleb","Caleb Swanigan","Swanigan","6.15625","16","3600","CLE@POR","POR","CLE","","","","",""
"32020-42158","SG","Jabari","Jabari Bird","Bird","5.984615619365986","13","3600","TOR@BOS","BOS","TOR","O","Not injury related","","",""
"32020-84696","PG","Jevon","Jevon Carter","Carter","9.219999694824219","10","3600","MIL@MEM","MEM","MIL","","","","",""
"32020-15583","PG","Seth","Seth Curry","Curry","9.415384928385416","39","3600","CLE@POR","POR","CLE","","","","",""
"32020-84702","SG","Lonnie","Lonnie Walker IV","Walker IV","4.199999809265137","1","3600","SA@DAL","SA","DAL","","","","",""
"32020-9454","C","Zaza","Zaza Pachulia","Pachulia","13.996874809265137","32","3600","ORL@DET","DET","ORL","GTD","Lower leg","","",""
"32020-85305","PF","Kenrich","Kenrich Williams","Williams","2.6000000635782876","12","3600","NO@GS","NO","GS","","","","",""
"32020-9613","PG","Devin","Devin Harris","Harris","12.377419748613912","31","3600","SA@DAL","DAL","SA","","","","",""
"32020-66455","PF","Henry","Henry Ellenson","Ellenson","12.149999618530273","2","3600","ORL@DET","DET","ORL","GTD","Ankle","","",""
"32020-16293","SF","Norman","Norman Powell","Powell","13.58260843028193","23","3600","TOR@BOS","TOR","BOS","","","","",""
"32020-9643","PG","Shaun","Shaun Livingston","Livingston","12.393939393939394","33","3600","NO@GS","GS","NO","","","","",""
"32020-58295","PF","D.J.","D.J. Wilson","Wilson","16.313333129882814","15","3600","MIL@MEM","MIL","MEM","","","","",""
"32020-9661","C","Marcin","Marcin Gortat","Gortat","15.67777845594618","36","3600","UTA@LAC","LAC","UTA","","","","",""
"32020-9669","PF","Jason","Jason Smith","Smith","8.77058859432445","17","3600","MIL@MEM","MIL","MEM","","","","",""
"32020-9678","PF","Channing","Channing Frye","Frye","6.676190330868676","21","3600","CLE@POR","CLE","POR","","","","",""
"32020-58350","SF","Stanley","Stanley Johnson","Johnson","16.74594528610642","37","3600","ORL@DET","DET","ORL","","","","",""
"32020-18435","SF","Alfonzo","Alfonzo McKinnie","McKinnie","11.15142822265625","35","3500","NO@GS","GS","NO","","","","",""
"32020-85521","SF","Theo","Theo Pinson","Pinson","6.857142857142857","7","3500","BKN@HOU","BKN","HOU","","","","",""
"32020-64017","C","Salah","Salah Mejri","Mejri","6.123076805701623","13","3500","SA@DAL","DAL","SA","","","","",""
"32020-85523","PG","Jordan","Jordan Loyd","Loyd","6.166666666666667","3","3500","TOR@BOS","TOR","BOS","","","","",""
"32020-97299","SG","Zach","Zach Lofton","Lofton","2","1","3500","ORL@DET","DET","ORL","GTD","Hamstring","","",""
"32020-48668","PG","Troy","Troy Caupain","Caupain","7.449999809265137","2","3500","ORL@DET","ORL","DET","","","","",""
"32020-16925","PF","Jarnell","Jarnell Stokes","Stokes","0","0","3500","MIL@MEM","MEM","MIL","","","","",""
"32020-23581","PF","Amile","Amile Jefferson","Jefferson","3.200000047683716","1","3500","ORL@DET","ORL","DET","","","","",""
"32020-66091","PF","Cheick","Cheick Diallo","Diallo","9.824137720568427","29","3500","NO@GS","NO","GS","","","","",""
"32020-37931","C","Aron","Aron Baynes","Baynes","13.44800048828125","25","3500","TOR@BOS","BOS","TOR","GTD","Hand","","",""
"32020-12334","SG","Avery","Avery Bradley","Bradley","14.721621951541385","37","3500","UTA@LAC","LAC","UTA","","","","",""
"32020-15417","SF","Solomon","Solomon Hill","Hill","11.321428571428571","28","3500","NO@GS","NO","GS","","","","",""
"32020-66104","PG","Isaiah","Isaiah Briscoe","Briscoe","4.971428644089472","21","3500","ORL@DET","ORL","DET","","","","",""
"32020-12348","SF","Wesley","Wesley Johnson","Johnson","9.075000127156576","24","3500","NO@GS","NO","GS","","","","",""
"32020-12357","SG","Quincy","Quincy Pondexter","Pondexter","4.448484940962358","33","3500","SA@DAL","SA","DAL","","","","",""
"32020-15952","PF","John","John Henson","Henson","16.22857121058873","14","3500","CLE@POR","CLE","POR","O","Wrist","","",""
"32020-23121","PF","Tyler","Tyler Cavanaugh","Cavanaugh","0.6000000238418579","2","3500","UTA@LAC","UTA","LAC","","","","",""
"32020-17491","SF","James","James Ennis III","Ennis III","13.82999979654948","30","3500","BKN@HOU","HOU","BKN","","","","",""
"32020-85586","PF","Marcus","Marcus Derrickson","Derrickson","3.633333206176758","6","3500","NO@GS","GS","NO","","","","",""
"32020-68203","PF","Chris","Chris Boucher","Boucher","8.716666539510092","12","3500","TOR@BOS","TOR","BOS","","","","",""
"32020-17517","SG","Tony","Tony Snell","Snell","11.53255799759266","43","3500","MIL@MEM","MIL","MEM","","","","",""
"32020-23155","SG","Naz","Naz Mitrou-Long","Mitrou-Long","0.875","4","3500","UTA@LAC","UTA","LAC","","","","",""
"32020-23156","PF","Georges","Georges Niang","Niang","5.612903225806452","31","3500","UTA@LAC","UTA","LAC","","","","",""
"32020-41077","SG","Sindarius","Sindarius Thornwell","Thornwell","2.86296307599103","27","3500","UTA@LAC","LAC","UTA","","","","",""
"32020-15993","SG","Pat","Pat Connaughton","Connaughton","15.99642835344587","28","3500","MIL@MEM","MIL","MEM","","","","",""
"32020-58490","PG","Wade","Wade Baldwin IV","Baldwin IV","3.59999994131235","13","3500","CLE@POR","POR","CLE","","","","",""
"32020-67707","PF","Marquese","Marquese Chriss","Chriss","5.007692190317007","13","3500","BKN@HOU","HOU","BKN","","","","",""
"32020-15996","PG","Jerian","Jerian Grant","Grant","12.202500152587891","40","3500","ORL@DET","ORL","DET","","","","",""
"32020-41597","PF","Johnathan","Johnathan Motley","Motley","3.950000047683716","4","3500","UTA@LAC","LAC","UTA","","","","",""
"32020-67708","PG","Dejounte","Dejounte Murray","Murray","22.23827220775463","81","3500","SA@DAL","SA","DAL","O","Knee","","",""
"32020-81026","PG","Milos","Milos Teodosic","Teodosic","7.079999796549479","15","3500","UTA@LAC","LAC","UTA","","","","",""
"32020-17542","PF","Alan","Alan Williams","Williams","19.600000381469727","1","3500","BKN@HOU","BKN","HOU","","","","",""
"32020-12424","C","Timofey","Timofey Mozgov","Mozgov","9.229032454952117","31","3500","ORL@DET","ORL","DET","O","Knee","","",""
"32020-9874","PF","Kevin","Kevin Love","Love","39.45000076293945","4","3500","CLE@POR","CLE","POR","O","Toe","","",""
"32020-66196","SG","PJ","PJ Dozier","Dozier","2.950000047683716","4","3500","TOR@BOS","BOS","TOR","","","","",""
"32020-85140","PG","Keenan","Keenan Evans","Evans","0","0","3500","ORL@DET","DET","ORL","","","","",""
"32020-66203","SG","Malachi","Malachi Richardson","Richardson","1.8799999237060547","20","3500","TOR@BOS","TOR","BOS","","","","",""
"32020-85150","SG","Trevon","Trevon Bluiett","Bluiett","0","0","3500","NO@GS","NO","GS","","","","",""
"32020-70823","PF","Guerschon","Guerschon Yabusele","Yabusele","5.007999877929688","25","3500","TOR@BOS","BOS","TOR","","","","",""
"32020-14506","PG","Brandon","Brandon Knight","Knight","5.108333269755046","12","3500","BKN@HOU","HOU","BKN","O","Knee","","",""
"32020-84677","PG","Jerome","Jerome Robinson","Robinson","3.387500047683716","8","3500","UTA@LAC","LAC","UTA","GTD","Undisclosed","","",""
"32020-16071","PG","Tim","Tim Frazier","Frazier","14.955882352941176","34","3500","NO@GS","NO","GS","","","","",""
"32020-84681","SG","Donte","Donte DiVincenzo","DiVincenzo","11.030434649923574","23","3500","MIL@MEM","MIL","MEM","","","","",""
"32020-14537","SF","Chandler","Chandler Parsons","Parsons","9.59999974568685","3","3500","MIL@MEM","MEM","MIL","O","Not injury related","","",""
"32020-14539","PF","Jon","Jon Leuer","Leuer","9.125","28","3500","ORL@DET","DET","ORL","","","","",""
"32020-23248","SG","RJ","RJ Hunter","Hunter","7.3","5","3500","TOR@BOS","BOS","TOR","","","","",""
"32020-9940","SF","Dante","Dante Cunningham","Cunningham","11.678048482755335","41","3500","SA@DAL","SA","DAL","","","","",""
"32020-84695","SG","Gary","Gary Trent Jr.","Trent Jr.","4.459999847412109","5","3500","CLE@POR","POR","CLE","","","","",""
"32020-84697","SG","Jacob","Jacob Evans","Evans","1.9681817835027522","22","3500","NO@GS","GS","NO","","","","",""
"32020-42202","PF","Christian","Christian Wood","Wood","7.533333460489909","6","3500","MIL@MEM","MIL","MEM","","","","",""
"32020-84698","SF","Dzanan","Dzanan Musa","Musa","2.8714286259242465","7","3500","BKN@HOU","BKN","HOU","O","Shoulder","","",""
"32020-16604","SG","Justin","Justin Holiday","Holiday","23.734883153161338","43","3500","MIL@MEM","MEM","MIL","","","","",""
"32020-84701","PF","Chimezie","Chimezie Metu","Metu","5.405262997275905","19","3500","SA@DAL","SA","DAL","","","","",""
"32020-58083","C","Jahlil","Jahlil Okafor","Okafor","9.287999877929687","25","3500","NO@GS","NO","GS","","","","",""
"32020-84711","SG","Grayson","Grayson Allen","Allen","5.389473764519942","19","3500","UTA@LAC","UTA","LAC","","","","",""
"32020-84712","SF","Vincent","Vincent Edwards","Edwards","4.199999809265137","1","3500","BKN@HOU","HOU","BKN","GTD","Undisclosed","","",""
"32020-84717","SG","Anfernee","Anfernee Simons","Simons","2.924999952316284","8","3500","CLE@POR","POR","CLE","","","","",""
"32020-42733","SG","David","David Nwaba","Nwaba","12.766666957310267","21","3500","CLE@POR","CLE","POR","GTD","Ankle","","",""
"32020-84720","SF","Melvin","Melvin Frazier Jr.","Frazier Jr.","1.0666666825612385","3","3500","ORL@DET","ORL","DET","","","","",""
"32020-84723","SG","Khyri","Khyri Thomas","Thomas","6.1299999237060545","10","3500","ORL@DET","DET","ORL","","","","",""
"32020-84725","PF","Kostas","Kostas Antetokounmpo","Antetokounmpo","0","0","3500","SA@DAL","DAL","SA","","","","",""
"32020-23798","SG","Caris","Caris LeVert","LeVert","31.642857142857142","14","3500","BKN@HOU","BKN","HOU","O","Foot","","",""
"32020-84726","PF","Ray","Ray Spalding","Spalding","0","1","3500","SA@DAL","DAL","SA","","","","",""
"32020-85238","SF","Yuta","Yuta Watanabe","Watanabe","3.2400001525878905","5","3500","MIL@MEM","MEM","MIL","","","","",""
"32020-23800","SF","Glenn","Glenn Robinson III","Robinson III","7.860714503696987","28","3500","ORL@DET","DET","ORL","","","","",""
"32020-23801","SG","Nik","Nik Stauskas","Stauskas","10.995237804594494","42","3500","CLE@POR","POR","CLE","","","","",""
"32020-23810","SF","Jaron","Jaron Blossomgame","Blossomgame","10.38888888888889","18","3500","CLE@POR","CLE","POR","","","","",""
"32020-55055","PG","Dante","Dante Exum","Exum","13.782051282051283","39","3500","UTA@LAC","UTA","LAC","O","Ankle","","",""
"32020-9500","PF","Dirk","Dirk Nowitzki","Nowitzki","7.084615267240084","13","3500","SA@DAL","DAL","SA","","","","",""
"32020-9506","SG","JR","JR Smith","Smith","14.37272782759233","11","3500","CLE@POR","CLE","POR","","","","",""
"32020-9508","SF","Carmelo","Carmelo Anthony","Anthony","23.13000030517578","10","3500","BKN@HOU","HOU","BKN","","","","",""
"32020-48940","SF","Wes","Wes Iwundu","Iwundu","9.503030487985322","33","3500","ORL@DET","ORL","DET","","","","",""
"32020-85309","PG","Daryl","Daryl Macon","Macon","0","1","3500","SA@DAL","DAL","SA","","","","",""
"32020-85308","PG","Trevon","Trevon Duval","Duval","0","0","3500","MIL@MEM","MIL","MEM","","","","",""
"32020-40769","C","Jordan","Jordan Bell","Bell","10.454762050083705","42","3500","NO@GS","GS","NO","","","","",""
"32020-20806","SG","Treveon","Treveon Graham","Graham","8.162500381469727","8","3500","BKN@HOU","BKN","HOU","","","","",""
"32020-40264","SF","Ben","Ben Moore","Moore","1.350000023841858","2","3500","SA@DAL","SA","DAL","","","","",""
"32020-17230","SG","Langston","Langston Galloway","Galloway","14.11951279058689","41","3500","ORL@DET","DET","ORL","","","","",""
"32020-63826","C","Boban","Boban Marjanovic","Marjanovic","14.370000203450521","30","3500","UTA@LAC","LAC","UTA","","","","",""
"32020-17747","SG","Ian","Ian Clark","Clark","7.8700002034505205","30","3500","NO@GS","NO","GS","","","","",""
"32020-84833","PF","Ryan","Ryan Broekhoff","Broekhoff","4.352941176470588","17","3500","SA@DAL","DAL","SA","","","","",""
"32020-9570","C","Pau","Pau Gasol","Gasol","17.74666748046875","15","3500","SA@DAL","SA","DAL","","","","",""
"32020-84836","C","Angel","Angel Delgado","Delgado","0","0","3500","UTA@LAC","LAC","UTA","","","","",""
"32020-40819","PF","Jarell","Jarell Martin","Martin","5.4269233116736775","26","3500","ORL@DET","ORL","DET","","","","",""
"32020-95117","SF","Deng","Deng Adel","Adel","0","0","3500","CLE@POR","CLE","POR","","","","",""
"32020-80823","C","Tony","Tony Bradley","Bradley","2.5999999046325684","1","3500","UTA@LAC","UTA","LAC","O","Knee","","",""
"32020-80825","PF","Isaiah","Isaiah Hartenstein","Hartenstein","6.034782741380774","23","3500","BKN@HOU","HOU","BKN","","","","",""
"32020-80824","PG","Frank","Frank Jackson","Jackson","7.434482969086746","29","3500","NO@GS","NO","GS","","","","",""
"32020-101311","SF","Bonzie","Bonzie Colson","Colson","0","0","3500","MIL@MEM","MIL","MEM","","","","",""
"32020-18376","SG","Damion","Damion Lee","Lee","8.331250190734863","16","3500","NO@GS","GS","NO","","","","",""
"32020-9677","SF","Jared","Jared Dudley","Dudley","12.616279069767442","43","3500","BKN@HOU","BKN","HOU","O","Hamstring","","",""
"32020-67025","PF","Ivan","Ivan Rabb","Rabb","6.23999989827474","15","3500","MIL@MEM","MEM","MIL","","","","",""
"32020-101331","SF","Gary","Gary Clark","Clark","10.1","30","3500","BKN@HOU","HOU","BKN","","","","",""
"32020-48598","SF","Semi","Semi Ojeleye","Ojeleye","6.631249904632568","32","3500","TOR@BOS","BOS","TOR","","","","",""
"32020-97263","PF","Drew","Drew Eubanks","Eubanks","3.7000001271565757","12","3500","SA@DAL","SA","DAL","","","","",""
"32020-9712","PG","Jose","Jose Calderon","Calderon","8.742857142857142","35","3500","ORL@DET","DET","ORL","","","","",""
"32020-16368","PF","Mike","Mike Scott","Scott","10.872093023255815","43","3500","UTA@LAC","LAC","UTA","","","","",""
"32020-9725","SF","CJ","CJ Miles","Miles","8.627273097182766","33","3500","TOR@BOS","TOR","BOS","GTD","Hip","","",""
"32020-66046","SG","Luke","Luke Kennard","Kennard","13.183333079020182","24","3500","ORL@DET","DET","ORL","","","","",""